PRAGMA foreign_keys = ON;

-- building
INSERT INTO building (buildingID, buildingName) VALUES
(1, 'Main Building'),
(2, 'East Tower'),
(3, 'Conference Center');

-- wing
INSERT INTO wing (wingID, buildingID, wingName, proximityPool, proximityParking, handicappedAccess) VALUES
(1, 1, 'A', 1, 1, 1),
(2, 1, 'B', 0, 1, 1),
(3, 2, 'A', 1, 0, 1),
(4, 2, 'B', 0, 0, 1),
(5, 3, 'North', 0, 1, 1),
(6, 3, 'South', 0, 1, 1);


-- floor
INSERT INTO floor (floorID, wingID, floorNumber, smokingDesignation) VALUES
(1, 1, 1, 'non-smoking'),
(2, 1, 2, 'non-smoking'),
(3, 2, 1, 'smoking'),
(4, 2, 2, 'non-smoking'),
(5, 3, 1, 'non-smoking'),
(6, 3, 2, 'non-smoking'),
(7, 4, 1, 'smoking'),
(8, 4, 2, 'non-smoking'),
(9, 5, 1, 'non-smoking'),
(10, 5, 2, 'non-smoking'),
(11, 6, 1, 'non-smoking'),
(12, 6, 2, 'non-smoking');

-- room
INSERT INTO room (roomID, floorID, roomNumber, baseRate, roomStatus) VALUES
(101, 1, 'A101', 120.00, 'available'),
(102, 1, 'A102', 120.00, 'available'),
(103, 1, 'A103', 135.00, 'occupied'),
(104, 2, 'A201', 150.00, 'available'),
(105, 2, 'A202', 150.00, 'cleaning'),
(106, 2, 'A203', 165.00, 'available'),
(107, 3, 'B101', 110.00, 'available'),
(108, 3, 'B102', 110.00, 'occupied'),
(109, 4, 'B201', 145.00, 'available'),
(110, 4, 'B202', 145.00, 'available'),
(111, 5, 'E101', 180.00, 'available'),
(112, 5, 'E102', 180.00, 'renovation'),
(113, 6, 'E201', 210.00, 'available'),
(114, 6, 'E202', 210.00, 'available'),
(115, 7, 'W101', 175.00, 'available'),
(116, 8, 'W201', 220.00, 'available'),
(117, 8, 'W202', 220.00, 'occupied'),
(118, 10, 'C201', 260.00, 'available'),
(119, 9, 'N101', 400.00, 'available'),
(120, 9, 'N102', 450.00, 'available'),
(121, 10, 'N201', 500.00, 'available'),
(122, 11, 'S101', 320.00, 'available'),
(123, 11, 'S102', 340.00, 'available'),
(124, 12, 'S201', 360.00, 'available');


-- bed_type
INSERT INTO bed_type (bedTypeId, size) VALUES
(1, 'Twin'),
(2, 'Double'),
(3, 'Queen'),
(4, 'King'),
(5, 'Sofa Bed'),
(6, 'Rollaway');


-- room_bed
INSERT INTO room_bed (bedTypeId, roomId, quantity) VALUES
(3, 101, 2),
(4, 102, 1),
(1, 103, 2),
(2, 104, 2),
(3, 105, 1),
(4, 106, 1),
(1, 107, 2),
(2, 108, 2),
(3, 109, 1),
(4, 110, 1),
(3, 111, 2),
(4, 112, 1),
(4, 113, 1),
(4, 114, 1),
(3, 115, 1),
(4, 116, 1),
(4, 117, 1),
(5, 118, 1),
(5, 122, 1),
(5, 123, 1),
(6, 124, 2);

-- room_adjacency
INSERT INTO room_adjacency (roomId1, roomId2, hasPrivateDoor) VALUES
(101, 102, 1),
(102, 103, 0),
(104, 105, 1),
(105, 106, 0),
(107, 108, 1),
(109, 110, 0),
(111, 112, 1),
(113, 114, 1),
(115, 116, 0),
(116, 117, 1),
(118, 119, 0),
(119, 120, 1),
(120, 121, 1),
(122, 123, 1),
(123, 124, 1);


-- sleeping_room_details
INSERT INTO sleeping_room_details (roomID, capacity, smoking, hasToilet, hasTV, hasPhone) VALUES
(101, 2, 0, 1, 1, 1),
(102, 2, 0, 1, 1, 1),
(103, 2, 0, 1, 1, 1),
(104, 4, 0, 1, 1, 1),
(105, 2, 0, 1, 1, 1),
(106, 2, 0, 1, 1, 1),
(107, 2, 1, 1, 1, 1),
(108, 2, 1, 1, 1, 1),
(109, 3, 0, 1, 1, 1),
(110, 3, 0, 1, 1, 1),
(111, 2, 0, 1, 1, 1),
(112, 2, 0, 1, 1, 1),
(113, 4, 0, 1, 1, 1),
(114, 4, 0, 1, 1, 1),
(115, 2, 1, 1, 1, 1),
(116, 4, 0, 1, 1, 1),
(117, 4, 0, 1, 1, 1),
(118, 3, 0, 1, 1, 1);


-- meeting_room_details
INSERT INTO meeting_room_details (roomID, seatingCapacity) VALUES
(119, 20),
(120, 30),
(121, 50),
(122, 15),
(123, 18),
(124, 25);


-- suite_details
INSERT INTO suite_details (roomID, sleepingRoomID, meetingRoomID) VALUES
(116, 116, 122),
(117, 117, 123),
(118, 118, 124);


-- person (50)
INSERT INTO person (personId, first_name, last_name, phone, email) VALUES
(1, 'John', 'Doe', '1000000001', 'john.doe@gmail.com'),
(2, 'Alice', 'Smith', '1000000002', 'alice.smith@gmail.com'),
(3, 'Bob', 'Brown', '1000000003', 'bob.brown@gmail.com'),
(4, 'Cathy', 'Lee', '1000000004', 'cathy.lee@gmail.com'),
(5, 'David', 'Kim', '1000000005', 'david.kim@gmail.com'),
(6, 'Emma', 'Wang', '1000000006', 'emma.wang@gmail.com'),
(7, 'Frank', 'Zhao', '1000000007', 'frank.zhao@gmail.com'),
(8, 'Grace', 'Liu', '1000000008', 'grace.liu@gmail.com'),
(9, 'Henry', 'Sun', '1000000009', 'henry.sun@gmail.com'),
(10, 'Ivy', 'Xu', '1000000010', 'ivy.xu@gmail.com'),
(11, 'Jack', 'Chen', '1000000011', 'jack.chen@gmail.com'),
(12, 'Karen', 'Wu', '1000000012', 'karen.wu@gmail.com'),
(13, 'Leo', 'Yang', '1000000013', 'leo.yang@gmail.com'),
(14, 'Mia', 'Huang', '1000000014', 'mia.huang@gmail.com'),
(15, 'Noah', 'Lin', '1000000015', 'noah.lin@gmail.com'),
(16, 'Olivia', 'Gao', '1000000016', 'olivia.gao@gmail.com'),
(17, 'Peter', 'Zhang', '1000000017', 'peter.zhang@gmail.com'),
(18, 'Queenie', 'He', '1000000018', 'queenie.he@gmail.com'),
(19, 'Ryan', 'Ma', '1000000019', 'ryan.ma@gmail.com'),
(20, 'Sophia', 'Tang', '1000000020', 'sophia.tang@gmail.com'),
(21, 'Thomas', 'Li', '1000000021', 'thomas.li@gmail.com'),
(22, 'Uma', 'Peng', '1000000022', 'uma.peng@gmail.com'),
(23, 'Victor', 'Cao', '1000000023', 'victor.cao@gmail.com'),
(24, 'Wendy', 'Ren', '1000000024', 'wendy.ren@gmail.com'),
(25, 'Xavier', 'Jin', '1000000025', 'xavier.jin@gmail.com'),
(26, 'Yuki', 'Fang', '1000000026', 'yuki.fang@gmail.com'),
(27, 'Zoe', 'Qin', '1000000027', 'zoe.qin@gmail.com'),
(28, 'Aaron', 'Tian', '1000000028', 'aaron.tian@gmail.com'),
(29, 'Bella', 'Gu', '1000000029', 'bella.gu@gmail.com'),
(30, 'Chris', 'Shen', '1000000030', 'chris.shen@gmail.com'),
(31, 'Doris', 'Yao', '1000000031', 'doris.yao@gmail.com'),
(32, 'Ethan', 'Xie', '1000000032', 'ethan.xie@gmail.com'),
(33, 'Fiona', 'Dong', '1000000033', 'fiona.dong@gmail.com'),
(34, 'George', 'Lu', '1000000034', 'george.lu@gmail.com'),
(35, 'Hannah', 'Pan', '1000000035', 'hannah.pan@gmail.com'),
(36, 'Ian', 'Yu', '1000000036', 'ian.yu@gmail.com'),
(37, 'Julia', 'Bai', '1000000037', 'julia.bai@gmail.com'),
(38, 'Kevin', 'Nie', '1000000038', 'kevin.nie@gmail.com'),
(39, 'Luna', 'Hou', '1000000039', 'luna.hou@gmail.com'),
(40, 'Martin', 'Fu', '1000000040', 'martin.fu@gmail.com'),
(41, 'Nina', 'Qiao', '1000000041', 'nina.qiao@gmail.com'),
(42, 'Owen', 'Deng', '1000000042', 'owen.deng@gmail.com'),
(43, 'Paula', 'Mo', '1000000043', 'paula.mo@gmail.com'),
(44, 'Quentin', 'Song', '1000000044', 'quentin.song@gmail.com'),
(45, 'Ruby', 'Fan', '1000000045', 'ruby.fan@gmail.com'),
(46, 'Simon', 'Su', '1000000046', 'simon.su@gmail.com'),
(47, 'Tina', 'Yin', '1000000047', 'tina.yin@gmail.com'),
(48, 'Ursula', 'Luo', '1000000048', 'ursula.luo@gmail.com'),
(49, 'Vince', 'Zou', '1000000049', 'vince.zou@gmail.com'),
(50, 'Willow', 'Han', '1000000050', 'willow.han@gmail.com');


-- organization
INSERT INTO organization (organizationId) VALUES
(1),(2),(3),(4),(5),(6),(7),(8),(9),(10),(11),(12);


-- person_organization
INSERT INTO person_organization (personId, organizationId) VALUES
(1,1),(2,1),(3,2),(4,2),(5,3),(6,3),(7,4),(8,4),
(9,5),(10,5),(11,6),(12,6),(13,7),(14,7),(15,8),(16,8),
(17,9),(18,9),(19,10),(20,10),(21,11),(22,11),(23,12),(24,12);


-- guest
INSERT INTO guest (guestId) VALUES
(1),(2),(3),(4),(5),(6),(7),(8),(9),(10),
(11),(12),(13),(14),(15),(16),(17),(18),(19),(20),
(21),(22),(23),(24),(25),(26),(27),(28),(29),(30);

-- host
INSERT INTO host (hostId) VALUES
(31),(32),(33),(34),(35),(36),(37),(38),(39),(40),(41),(42);


-- billing_party
INSERT INTO billing_party (billingPartyId, personId, organizationId) VALUES
(1, 1, NULL),
(2, 2, NULL),
(3, 3, NULL),
(4, 4, NULL),
(5, 5, NULL),
(6, 6, NULL),
(7, 7, NULL),
(8, 8, NULL),
(9, 9, NULL),
(10, 10, NULL),
(11, NULL, 1),
(12, NULL, 2),
(13, NULL, 3),
(14, NULL, 4),
(15, NULL, 5),
(16, NULL, 6),
(17, NULL, 7),
(18, NULL, 8),
(19, NULL, 9),
(20, NULL, 10);


-- reservation
INSERT INTO reservation (reservationId, billingPartyId, reservationDate, depositRequired, estimatedGuests) VALUES
(1, 1, '2026-04-01 10:00', 1, 2),
(2, 2, '2026-04-01 11:00', 0, 1),
(3, 3, '2026-04-02 09:30', 1, 3),
(4, 4, '2026-04-02 15:20', 0, 2),
(5, 5, '2026-04-03 08:10', 1, 2),
(6, 6, '2026-04-03 12:40', 0, 1),
(7, 11, '2026-04-04 14:00', 1, 8),
(8, 12, '2026-04-04 16:10', 1, 10),
(9, 13, '2026-04-05 10:45', 0, 6),
(10, 14, '2026-04-05 18:00', 1, 12),
(11, 7, '2026-04-06 09:15', 0, 2),
(12, 8, '2026-04-06 13:50', 1, 4),
(13, 9, '2026-04-07 10:30', 0, 1),
(14, 10, '2026-04-07 17:25', 1, 2),
(15, 15, '2026-04-08 11:10', 1, 5),
(16, 16, '2026-04-08 14:55', 0, 7),
(17, 17, '2026-04-09 08:35', 1, 9),
(18, 18, '2026-04-09 15:45', 1, 4),
(19, 19, '2026-04-10 10:20', 0, 3),
(20, 20, '2026-04-10 16:40', 1, 6);


-- room_reservation
INSERT INTO room_reservation (reservationId, roomId, startDateTime, endDateTime) VALUES
(1, 101, '2026-04-12 14:00', '2026-04-14 12:00'),
(2, 102, '2026-04-12 14:00', '2026-04-13 12:00'),
(3, 104, '2026-04-13 14:00', '2026-04-16 12:00'),
(4, 106, '2026-04-13 14:00', '2026-04-15 12:00'),
(5, 107, '2026-04-14 14:00', '2026-04-16 12:00'),
(6, 109, '2026-04-14 14:00', '2026-04-15 12:00'),
(7, 111, '2026-04-15 14:00', '2026-04-18 12:00'),
(7, 113, '2026-04-15 14:00', '2026-04-18 12:00'),
(8, 114, '2026-04-15 14:00', '2026-04-19 12:00'),
(8, 115, '2026-04-15 14:00', '2026-04-19 12:00'),
(9, 116, '2026-04-16 14:00', '2026-04-18 12:00'),
(10, 117, '2026-04-16 14:00', '2026-04-20 12:00'),
(11, 118, '2026-04-17 14:00', '2026-04-19 12:00'),
(12, 101, '2026-04-20 14:00', '2026-04-23 12:00'),
(12, 102, '2026-04-20 14:00', '2026-04-23 12:00'),
(13, 104, '2026-04-21 14:00', '2026-04-22 12:00'),
(14, 106, '2026-04-21 14:00', '2026-04-23 12:00'),
(15, 107, '2026-04-22 14:00', '2026-04-25 12:00'),
(16, 109, '2026-04-22 14:00', '2026-04-24 12:00'),
(16, 110, '2026-04-22 14:00', '2026-04-24 12:00'),
(17, 111, '2026-04-23 14:00', '2026-04-27 12:00'),
(17, 113, '2026-04-23 14:00', '2026-04-27 12:00'),
(18, 114, '2026-04-24 14:00', '2026-04-26 12:00'),
(19, 115, '2026-04-24 14:00', '2026-04-26 12:00'),
(19, 116, '2026-04-24 14:00', '2026-04-26 12:00'),
(20, 117, '2026-04-25 14:00', '2026-04-28 12:00'),
(20, 118, '2026-04-25 14:00', '2026-04-28 12:00'),
(10, 118, '2026-04-16 14:00', '2026-04-20 12:00');


-- stay
INSERT INTO stay (stayId, guestId, checkIn, checkOut) VALUES
(1, 1, '2026-04-12 14:00', '2026-04-14 12:00'),
(2, 2, '2026-04-12 14:00', '2026-04-13 12:00'),
(3, 3, '2026-04-13 14:00', '2026-04-16 12:00'),
(4, 4, '2026-04-13 14:00', '2026-04-15 12:00'),
(5, 5, '2026-04-14 14:00', '2026-04-16 12:00'),
(6, 6, '2026-04-14 14:00', '2026-04-15 12:00'),
(7, 7, '2026-04-15 14:00', '2026-04-18 12:00'),
(8, 8, '2026-04-15 14:00', '2026-04-19 12:00'),
(9, 9, '2026-04-16 14:00', '2026-04-18 12:00'),
(10, 10, '2026-04-16 14:00', '2026-04-20 12:00'),
(11, 11, '2026-04-20 14:00', '2026-04-23 12:00'),
(12, 12, '2026-04-21 14:00', '2026-04-22 12:00'),
(13, 13, '2026-04-22 14:00', '2026-04-24 12:00'),
(14, 14, '2026-04-23 14:00', '2026-04-27 12:00'),
(15, 15, '2026-04-24 14:00', '2026-04-26 12:00');


-- room_assignment
INSERT INTO room_assignment (stayId, roomId, assignedFrom, assignedTo) VALUES
(1, 101, '2026-04-12 14:00', '2026-04-14 12:00'),
(2, 102, '2026-04-12 14:00', '2026-04-13 12:00'),
(3, 104, '2026-04-13 14:00', '2026-04-16 12:00'),
(4, 106, '2026-04-13 14:00', '2026-04-15 12:00'),
(5, 107, '2026-04-14 14:00', '2026-04-16 12:00'),
(6, 109, '2026-04-14 14:00', '2026-04-15 12:00'),
(7, 111, '2026-04-15 14:00', '2026-04-18 12:00'),
(7, 113, '2026-04-15 14:00', '2026-04-18 12:00'),
(8, 114, '2026-04-15 14:00', '2026-04-19 12:00'),
(9, 116, '2026-04-16 14:00', '2026-04-18 12:00'),
(10, 117, '2026-04-16 14:00', '2026-04-20 12:00'),
(11, 101, '2026-04-20 14:00', '2026-04-23 12:00'),
(11, 102, '2026-04-20 14:00', '2026-04-23 12:00'),
(12, 104, '2026-04-21 14:00', '2026-04-22 12:00'),
(13, 109, '2026-04-22 14:00', '2026-04-24 12:00'),
(13, 110, '2026-04-22 14:00', '2026-04-24 12:00'),
(14, 111, '2026-04-23 14:00', '2026-04-27 12:00'),
(15, 115, '2026-04-24 14:00', '2026-04-26 12:00');


-- access_card
INSERT INTO access_card (cardId, guestId, pin) VALUES
(1, 1, '1001'), (2, 2, '1002'), (3, 3, '1003'), (4, 4, '1004'), (5, 5, '1005'),
(6, 6, '1006'), (7, 7, '1007'), (8, 8, '1008'), (9, 9, '1009'), (10, 10, '1010'),
(11, 11, '1011'), (12, 12, '1012'), (13, 13, '1013'), (14, 14, '1014'), (15, 15, '1015'),
(16, 16, '1016'), (17, 17, '1017'), (18, 18, '1018'), (19, 19, '1019'), (20, 20, '1020'),
(21, 21, '1021'), (22, 22, '1022'), (23, 23, '1023'), (24, 24, '1024'), (25, 25, '1025'),
(26, 26, '1026'), (27, 27, '1027'), (28, 28, '1028'), (29, 29, '1029'), (30, 30, '1030');


-- card_access_log
INSERT INTO card_access_log (logId, cardId, roomId, accessTime, direction) VALUES
(1, 1, 101, '2026-04-12 15:00', 'enter'),
(2, 1, 101, '2026-04-12 18:00', 'exit'),
(3, 2, 102, '2026-04-12 15:10', 'enter'),
(4, 2, 102, '2026-04-12 20:10', 'exit'),
(5, 3, 104, '2026-04-13 15:20', 'enter'),
(6, 3, 104, '2026-04-13 19:20', 'exit'),
(7, 4, 106, '2026-04-13 15:30', 'enter'),
(8, 4, 106, '2026-04-13 21:30', 'exit'),
(9, 5, 107, '2026-04-14 15:40', 'enter'),
(10, 5, 107, '2026-04-14 22:00', 'exit'),
(11, 6, 109, '2026-04-14 15:50', 'enter'),
(12, 6, 109, '2026-04-14 18:10', 'exit'),
(13, 7, 111, '2026-04-15 16:00', 'enter'),
(14, 7, 111, '2026-04-15 19:00', 'exit'),
(15, 8, 114, '2026-04-15 16:10', 'enter'),
(16, 8, 114, '2026-04-15 20:00', 'exit'),
(17, 9, 116, '2026-04-16 16:20', 'enter'),
(18, 9, 116, '2026-04-16 21:10', 'exit'),
(19, 10, 117, '2026-04-16 16:30', 'enter'),
(20, 10, 117, '2026-04-16 19:45', 'exit'),
(21, 11, 101, '2026-04-20 15:00', 'enter'),
(22, 11, 101, '2026-04-20 22:30', 'exit'),
(23, 12, 104, '2026-04-21 15:00', 'enter'),
(24, 12, 104, '2026-04-21 19:30', 'exit'),
(25, 13, 109, '2026-04-22 15:00', 'enter'),
(26, 13, 109, '2026-04-22 18:20', 'exit'),
(27, 14, 111, '2026-04-23 15:00', 'enter'),
(28, 14, 111, '2026-04-23 20:20', 'exit'),
(29, 15, 115, '2026-04-24 15:00', 'enter'),
(30, 15, 115, '2026-04-24 21:30', 'exit'),
(31, 16, 119, '2026-05-01 08:40', 'enter'),
(32, 17, 120, '2026-05-02 08:45', 'enter'),
(33, 18, 121, '2026-05-03 08:50', 'enter'),
(34, 19, 122, '2026-05-04 08:55', 'enter'),
(35, 20, 123, '2026-05-05 09:00', 'enter'),
(36, 21, 124, '2026-05-06 09:05', 'enter'),
(37, 22, 119, '2026-05-07 09:10', 'enter'),
(38, 23, 120, '2026-05-08 09:15', 'enter'),
(39, 24, 121, '2026-05-09 09:20', 'enter'),
(40, 25, 122, '2026-05-10 09:25', 'enter');


-- event
INSERT INTO event (eventId, hostId, startDate, endDate, estimatedAttendance, estimatedGuestRooms) VALUES
(1, 31, '2026-05-01 09:00', '2026-05-01 17:00', 30, 5),
(2, 32, '2026-05-02 09:00', '2026-05-02 17:00', 45, 8),
(3, 33, '2026-05-03 09:00', '2026-05-03 17:00', 60, 10),
(4, 34, '2026-05-04 10:00', '2026-05-04 18:00', 25, 4),
(5, 35, '2026-05-05 08:30', '2026-05-05 16:30', 40, 6),
(6, 36, '2026-05-06 09:30', '2026-05-06 19:00', 80, 12),
(7, 37, '2026-05-07 09:00', '2026-05-07 15:00', 20, 3),
(8, 38, '2026-05-08 13:00', '2026-05-08 21:00', 55, 9),
(9, 39, '2026-05-09 09:00', '2026-05-09 17:00', 35, 5),
(10, 40, '2026-05-10 09:00', '2026-05-10 17:00', 70, 11);


-- event_room
INSERT INTO event_room (eventId, roomId, usageSlot) VALUES
(1, 119, 'morning'),
(1, 119, 'afternoon'),
(2, 120, 'morning'),
(2, 120, 'lunch'),
(3, 121, 'morning'),
(3, 121, 'afternoon'),
(4, 122, 'morning'),
(5, 123, 'lunch'),
(5, 123, 'afternoon'),
(6, 124, 'morning'),
(6, 124, 'afternoon'),
(7, 119, 'evening'),
(8, 120, 'afternoon'),
(8, 121, 'evening'),
(9, 122, 'morning'),
(9, 123, 'afternoon'),
(10, 124, 'morning'),
(10, 124, 'evening');


-- service
INSERT INTO service (serviceId, serviceType) VALUES
(1, 'room'),
(2, 'event'),
(3, 'food'),
(4, 'parking'),
(5, 'laundry'),
(6, 'phone'),
(7, 'spa'),
(8, 'internet');


-- charge
INSERT INTO charge (chargeId, serviceId, billingPartyId, roomId, amount, chargeDateTime, description) VALUES
(1, 1, 1, 101, 240.00, '2026-04-14 12:00', 'Room charge for stay 1'),
(2, 1, 2, 102, 120.00, '2026-04-13 12:00', 'Room charge for stay 2'),
(3, 1, 3, 104, 450.00, '2026-04-16 12:00', 'Room charge for stay 3'),
(4, 1, 4, 106, 330.00, '2026-04-15 12:00', 'Room charge for stay 4'),
(5, 1, 5, 107, 220.00, '2026-04-16 12:00', 'Room charge for stay 5'),
(6, 1, 6, 109, 145.00, '2026-04-15 12:00', 'Room charge for stay 6'),
(7, 1, 11, 111, 540.00, '2026-04-18 12:00', 'Corporate room charge'),
(8, 1, 12, 114, 840.00, '2026-04-19 12:00', 'Corporate room charge'),
(9, 1, 13, 116, 440.00, '2026-04-18 12:00', 'Corporate room charge'),
(10, 1, 14, 117, 880.00, '2026-04-20 12:00', 'Corporate room charge'),
(11, 3, 1, 101, 48.00, '2026-04-13 08:00', 'Breakfast'),
(12, 3, 3, 104, 86.00, '2026-04-14 12:30', 'Lunch'),
(13, 3, 7, 118, 60.00, '2026-04-18 18:00', 'Dinner'),
(14, 4, 2, 102, 25.00, '2026-04-12 20:00', 'Parking'),
(15, 4, 4, 106, 25.00, '2026-04-14 20:00', 'Parking'),
(16, 5, 5, 107, 18.00, '2026-04-15 10:00', 'Laundry'),
(17, 5, 6, 109, 22.00, '2026-04-14 09:00', 'Laundry'),
(18, 6, 1, 101, 12.00, '2026-04-13 21:00', 'Phone charge'),
(19, 6, 2, 102, 8.00, '2026-04-12 22:00', 'Phone charge'),
(20, 8, 1, 101, 15.00, '2026-04-13 23:00', 'Internet'),
(21, 8, 3, 104, 15.00, '2026-04-15 23:00', 'Internet'),
(22, 2, 15, 119, 300.00, '2026-05-01 17:00', 'Event room usage'),
(23, 2, 16, 120, 450.00, '2026-05-02 17:00', 'Event room usage'),
(24, 2, 17, 121, 600.00, '2026-05-03 17:00', 'Event room usage'),
(25, 2, 18, 122, 180.00, '2026-05-04 18:00', 'Event room usage'),
(26, 2, 19, 123, 220.00, '2026-05-05 16:30', 'Event room usage'),
(27, 2, 20, 124, 700.00, '2026-05-06 19:00', 'Event room usage'),
(28, 3, 15, 119, 125.00, '2026-05-01 12:00', 'Catering'),
(29, 3, 16, 120, 160.00, '2026-05-02 12:30', 'Catering'),
(30, 3, 17, 121, 210.00, '2026-05-03 13:00', 'Catering'),
(31, 7, 8, 114, 90.00, '2026-04-18 17:00', 'Spa'),
(32, 7, 9, 116, 120.00, '2026-04-17 18:00', 'Spa'),
(33, 8, 10, 117, 15.00, '2026-04-19 23:00', 'Internet'),
(34, 4, 11, 111, 30.00, '2026-04-16 19:00', 'Parking'),
(35, 5, 12, 114, 25.00, '2026-04-17 09:30', 'Laundry');
